ID,target,weight
002f99746285dfdd.jpg,16,0.9235294117647059
008ccd231e1fea5d.jpg,10,0.9235294117647059
008f5911bfda7695.jpg,10,0.9235294117647059
009235e4c9c07af5.jpg,4,0.9235294117647059
00b2f44967580c74.jpg,16,0.9235294117647059
00cfa88ce8973dea.jpg,5,0.9235294117647059
00ec594b7cc89183.jpg,15,0.9235294117647059
00f59b12e9e08f29.jpg,16,0.9235294117647059
00fdc02d9b552fe8.jpg,15,0.9235294117647059
012913977fd1d980.jpg,14,1.8470588235294119
0134204c33c8d37c.jpg,5,0.9235294117647059
0143de5f1099427d.jpg,9,0.9235294117647059
01af3d4c58c8530f.jpg,15,0.9235294117647059
01c0b97e1492b220.jpg,15,0.9235294117647059
024fe478044874ab.jpg,13,1.248012718600954
0250ee8107091ade.jpg,7,0.9235294117647059
02533d35fe935981.jpg,11,0.9235294117647059
026817f3f9434f5b.jpg,10,0.9235294117647059
02ab86a5d5a979cc.jpg,11,0.9235294117647059
02d404271e4965fa.jpg,15,0.9235294117647059
02dad82a9420ae86.jpg,7,0.9235294117647059
02e1538cef751c7d.jpg,10,0.9235294117647059
02ebb92c43006832.jpg,11,0.9235294117647059
03075ea3046d4459.jpg,15,0.9235294117647059
03084c1b03921a99.jpg,7,0.9235294117647059
03636653282bb56c.jpg,5,0.9235294117647059
03648b6855b9f8c1.jpg,10,0.9235294117647059
03ce6a0a86939c04.jpg,2,0.9235294117647059
040073c7f5eba0f9.jpg,9,0.9235294117647059
04320d1d34f005ca.jpg,14,1.8470588235294119
045ddbf696513987.jpg,15,0.9235294117647059
0477c74e908ce463.jpg,5,0.9235294117647059
0482c84f6e50fc44.jpg,5,0.9235294117647059
04d106668176a2e6.jpg,16,0.9235294117647059
055271bc977c47c7.jpg,8,0.9235294117647059
055b74c6c5f5d86b.jpg,14,1.8470588235294119
055cab3d62cdedbe.jpg,10,0.9235294117647059
05806b384996854a.jpg,12,0.9235294117647059
0583254a73b48ece.jpg,11,0.9235294117647059
05c30f3c5be4bdcb.jpg,3,0.9235294117647059
05c521f2659c0711.jpg,16,0.9235294117647059
0604225f0353cb7c.jpg,16,0.9235294117647059
0636f0cd41b60ffe.jpg,2,0.9235294117647059
0664699c12c8162c.jpg,11,0.9235294117647059
067f25e0435ab78b.jpg,7,0.9235294117647059
0690bdea6146b3ab.jpg,16,0.9235294117647059
06c04208033a0ebf.jpg,0,0.9235294117647059
06c8db1a419a2a52.jpg,3,0.9235294117647059
06e3ae9dce375043.jpg,7,0.9235294117647059
06e51d188361295c.jpg,12,0.9235294117647059
06f87aac754f870b.jpg,15,0.9235294117647059
0702d1b6007837c7.jpg,12,0.9235294117647059
0705443203af2672.jpg,16,0.9235294117647059
070ac425616e7d20.jpg,10,0.9235294117647059
0716742e75cfcbbf.jpg,15,0.9235294117647059
0764b11d22a5bf2b.jpg,13,1.248012718600954
0787007d9064369b.jpg,13,1.248012718600954
07a0a849cab135e0.jpg,0,0.9235294117647059
07ed72c124333c68.jpg,16,0.9235294117647059
0808c7453316041c.jpg,3,0.9235294117647059
08418d7a49cafbb5.jpg,8,0.9235294117647059
08511642b48c0fad.jpg,1,2.0076726342710995
08c000f407a21432.jpg,5,0.9235294117647059
08e735737fcb818d.jpg,7,0.9235294117647059
08ef6f5c37cef1bb.jpg,9,0.9235294117647059
09213af8d64b7e04.jpg,10,0.9235294117647059
0925f9ef30720e52.jpg,1,2.0076726342710995
092b33532a2d23c2.jpg,11,0.9235294117647059
096c4b74a832db46.jpg,0,0.9235294117647059
097bf6816bf11df3.jpg,0,0.9235294117647059
097c776cb2854f99.jpg,15,0.9235294117647059
09a930520afa0ab9.jpg,3,0.9235294117647059
0a1b8d3c52d64052.jpg,8,0.9235294117647059
0a26fc63987e05eb.jpg,10,0.9235294117647059
0a4adccbb7fe73e0.jpg,1,2.0076726342710995
0a9843bf4ec022f3.jpg,3,0.9235294117647059
0ac9d741be9c6757.jpg,9,0.9235294117647059
0ad5ad8a888027e0.jpg,10,0.9235294117647059
0b305f87af38aeed.jpg,10,0.9235294117647059
0b574be91178eb35.jpg,9,0.9235294117647059
0b9e81eacf022a95.jpg,9,0.9235294117647059
0bb6c060183cddb9.jpg,5,0.9235294117647059
0c62a4a572d6abef.jpg,6,0.9235294117647059
0cd0ed110baca594.jpg,15,0.9235294117647059
0cdf7f30dbeacb1c.jpg,0,0.9235294117647059
0d6a14437ad1a20e.jpg,7,0.9235294117647059
0d7f2ffc25536b56.jpg,16,0.9235294117647059
0d980f149d750aa8.jpg,15,0.9235294117647059
0db0f87709c7c403.jpg,6,0.9235294117647059
0e15e264405bd12a.jpg,3,0.9235294117647059
0e1eb96c88179e6e.jpg,11,0.9235294117647059
0e2d9d02d62c0949.jpg,15,0.9235294117647059
0e73f69b538fb276.jpg,13,1.248012718600954
0e876bb595b57f7f.jpg,15,0.9235294117647059
0ebdd3bf7dbe63dc.jpg,9,0.9235294117647059
0ed0af9895d19304.jpg,5,0.9235294117647059
0eff005acf5ce9c6.jpg,6,0.9235294117647059
0f1936616378ab3a.jpg,13,1.248012718600954
0f3ac436363ae727.jpg,14,1.8470588235294119
0f4c2be43bbbf0a6.jpg,10,0.9235294117647059
0fa6bb7b61883601.jpg,0,0.9235294117647059
0fe5dca9a9183702.jpg,8,0.9235294117647059
1003aefb72113a16.jpg,15,0.9235294117647059
100c0ec39409480d.jpg,15,0.9235294117647059
10234347b425ff7e.jpg,12,0.9235294117647059
1043b7e8f825705f.jpg,11,0.9235294117647059
1070b99464cb9755.jpg,12,0.9235294117647059
108c622ecd7a9ea0.jpg,0,0.9235294117647059
1103b95d240a31bd.jpg,2,0.9235294117647059
1107103b712796a3.jpg,16,0.9235294117647059
11d2eeafa3170c62.jpg,13,1.248012718600954
11d78da553cb1577.jpg,10,0.9235294117647059
11f522c4a00d4c8c.jpg,0,0.9235294117647059
1202c24bea56d1dc.jpg,5,0.9235294117647059
1234dfd5a83372aa.jpg,5,0.9235294117647059
1247240e60498c2f.jpg,8,0.9235294117647059
1258871e4d7347be.jpg,4,0.9235294117647059
12d1d9aa0ea45807.jpg,1,2.0076726342710995
12e8c26f252aa8df.jpg,1,2.0076726342710995
12f0216cfc02be14.jpg,13,1.248012718600954
133b0b66418f5992.jpg,8,0.9235294117647059
134a6165b1e7198b.jpg,4,0.9235294117647059
135c81e626dbfde1.jpg,0,0.9235294117647059
1370c2d3fc1dbaa6.jpg,16,0.9235294117647059
138d2612e021b11a.jpg,11,0.9235294117647059
139fec9a67910e28.jpg,13,1.248012718600954
13c183761855c4e6.jpg,2,0.9235294117647059
13ff4fb604003772.jpg,10,0.9235294117647059
14073265c0fc4232.jpg,9,0.9235294117647059
1429280c33f2a820.jpg,8,0.9235294117647059
14415a54a4805c75.jpg,16,0.9235294117647059
14555a04140dc3b4.jpg,5,0.9235294117647059
1495a1e3d1599fe1.jpg,7,0.9235294117647059
149c501f1b14311c.jpg,13,1.248012718600954
149c8444ae80d630.jpg,13,1.248012718600954
14e71e8bec67f1a3.jpg,8,0.9235294117647059
15738105f616bea2.jpg,4,0.9235294117647059
159f76320c144a6a.jpg,7,0.9235294117647059
15ab846de6b9bbf6.jpg,12,0.9235294117647059
15b7c95b4bffa703.jpg,16,0.9235294117647059
15f0ed8589380d8f.jpg,3,0.9235294117647059
16176cca20eed3c8.jpg,4,0.9235294117647059
162759419a76edff.jpg,15,0.9235294117647059
16491db231b8d957.jpg,6,0.9235294117647059
1674ad0591a3014a.jpg,3,0.9235294117647059
16f1e14f778ce315.jpg,16,0.9235294117647059
181e78045b123ee2.jpg,5,0.9235294117647059
184c5b6c3f4f5acd.jpg,8,0.9235294117647059
1857d71e467f27a2.jpg,1,2.0076726342710995
186099f62d5cb389.jpg,10,0.9235294117647059
18964b9de31b1356.jpg,2,0.9235294117647059
18a13df74db514bf.jpg,4,0.9235294117647059
18c3fd66188127c9.jpg,2,0.9235294117647059
18cbf4a6f3f18730.jpg,11,0.9235294117647059
18d6eabbd7a90bc8.jpg,9,0.9235294117647059
18dc0fddebcbb811.jpg,13,1.248012718600954
18f1cb6c0fa49c3f.jpg,6,0.9235294117647059
1923d2f3faa9a0b7.jpg,5,0.9235294117647059
19a514ee76e9529a.jpg,13,1.248012718600954
1a230ae459855d4b.jpg,9,0.9235294117647059
1a4d78981f730db6.jpg,8,0.9235294117647059
1a5b5d5ceed7b946.jpg,14,1.8470588235294119
1a7b8a8cfc41b2b2.jpg,10,0.9235294117647059
1a91d8e63a70efea.jpg,15,0.9235294117647059
1aa909832b5c4542.jpg,4,0.9235294117647059
1ab6b4d6b1ebe5dd.jpg,7,0.9235294117647059
1ae1f676bdb59f13.jpg,8,0.9235294117647059
1aeb7ac256febd27.jpg,16,0.9235294117647059
1af85d095317707e.jpg,7,0.9235294117647059
1b60fba7141b8b33.jpg,11,0.9235294117647059
1ba8ba8d582eb19f.jpg,12,0.9235294117647059
1bb0c218c35112e9.jpg,3,0.9235294117647059
1bc94a114eba1a7b.jpg,11,0.9235294117647059
1be2e37e46da7808.jpg,8,0.9235294117647059
1c3dc2ba8aea2b10.jpg,5,0.9235294117647059
1c4f24cbd0c3b67f.jpg,5,0.9235294117647059
1c893f02de43b62a.jpg,3,0.9235294117647059
1cbb286b54a7de7a.jpg,12,0.9235294117647059
1cc56bce8c1d4a39.jpg,3,0.9235294117647059
1cc6427133ca0bc8.jpg,0,0.9235294117647059
1cdeefc0cbab4c31.jpg,9,0.9235294117647059
1d381bdebf05dcd1.jpg,6,0.9235294117647059
1d5ba2a00f0b1337.jpg,5,0.9235294117647059
1d78411ce7e87b5a.jpg,16,0.9235294117647059
1dbf43241f30a8a4.jpg,9,0.9235294117647059
1dc625f3328476d7.jpg,16,0.9235294117647059
1de204716ce483ca.jpg,4,0.9235294117647059
1df37977197865cb.jpg,7,0.9235294117647059
1e49a906f3c2e521.jpg,15,0.9235294117647059
1e5bf6fe5e8686d6.jpg,7,0.9235294117647059
1e6963c0f450dce5.jpg,11,0.9235294117647059
1eb0b4140776ba76.jpg,11,0.9235294117647059
1ec14a14bbe633db.jpg,14,1.8470588235294119
1efe346107bb463a.jpg,2,0.9235294117647059
1f5b35d7e43136cf.jpg,6,0.9235294117647059
1fa7fa1cd2ab2047.jpg,5,0.9235294117647059
1fbda5ffdc6abf49.jpg,4,0.9235294117647059
1fc4f6a592ace1da.jpg,2,0.9235294117647059
1fca58126b4d1128.jpg,14,1.8470588235294119
1ff90f5c563641b6.jpg,10,0.9235294117647059
2011ad31ee2deebf.jpg,5,0.9235294117647059
201b665c0a513d19.jpg,8,0.9235294117647059
2081d0e29accb9b2.jpg,2,0.9235294117647059
20cdc47ce476427a.jpg,12,0.9235294117647059
20eb9af9eded1aea.jpg,12,0.9235294117647059
210e5e6b28b73a4b.jpg,7,0.9235294117647059
21aa0f921c2e123c.jpg,5,0.9235294117647059
21b62e20ee3bdea6.jpg,9,0.9235294117647059
22819e513decca0f.jpg,14,1.8470588235294119
228baafd60ceaae0.jpg,15,0.9235294117647059
22cdc44d695f2c1f.jpg,7,0.9235294117647059
23176b708b5111a4.jpg,9,0.9235294117647059
233685659ef1ed84.jpg,13,1.248012718600954
2344b9ce3755221e.jpg,8,0.9235294117647059
23776fee6a6a5aa5.jpg,15,0.9235294117647059
23f48245fd39a90c.jpg,2,0.9235294117647059
241cfb4ccd3666f0.jpg,7,0.9235294117647059
24204bdb434192db.jpg,3,0.9235294117647059
24849ed38a58e37d.jpg,4,0.9235294117647059
2491313fc531e53c.jpg,12,0.9235294117647059
24ccb7ee55e01794.jpg,10,0.9235294117647059
24d674a8083314a7.jpg,8,0.9235294117647059
251aae77e760ca8a.jpg,0,0.9235294117647059
2552a6625015ace2.jpg,8,0.9235294117647059
257781a5474229b2.jpg,5,0.9235294117647059
258ffcf2fbc07d2c.jpg,3,0.9235294117647059
25cb3d4a2e9d24e2.jpg,3,0.9235294117647059
2609d9a25bd136ee.jpg,6,0.9235294117647059
267e7c60307fbc40.jpg,12,0.9235294117647059
26b5a257eea69adb.jpg,5,0.9235294117647059
26c2ffab3948e196.jpg,10,0.9235294117647059
270755a6d4055845.jpg,2,0.9235294117647059
271322cae921fac6.jpg,11,0.9235294117647059
276944ce58a620d4.jpg,6,0.9235294117647059
278277805e83e8b2.jpg,6,0.9235294117647059
27e97a7637f1f1c4.jpg,16,0.9235294117647059
2887fd8fd6320039.jpg,1,2.0076726342710995
28beca469e8966b7.jpg,12,0.9235294117647059
28f6c16c4fb6bf83.jpg,5,0.9235294117647059
2916e5db8a60d01a.jpg,0,0.9235294117647059
293316f2c9939133.jpg,0,0.9235294117647059
297bbf30d4be0d50.jpg,3,0.9235294117647059
298df9959cc9995c.jpg,2,0.9235294117647059
299a9d5cd6894ad7.jpg,4,0.9235294117647059
2a0ab3ef1ad4f910.jpg,10,0.9235294117647059
2a1e96189e54e1e9.jpg,2,0.9235294117647059
2a3790ab1adfe1f4.jpg,3,0.9235294117647059
2a69eaae1b584459.jpg,2,0.9235294117647059
2a6a04ac881579f4.jpg,13,1.248012718600954
2a75938541d36c4a.jpg,14,1.8470588235294119
2a782453c0dc8083.jpg,12,0.9235294117647059
2af50704a985252c.jpg,16,0.9235294117647059
2b04e4a315457bc0.jpg,7,0.9235294117647059
2b1076abe3e4338d.jpg,13,1.248012718600954
2b2c5155a5c90fed.jpg,2,0.9235294117647059
2b35ea4896a3cb57.jpg,12,0.9235294117647059
2b48c5df850c656b.jpg,12,0.9235294117647059
2b79f6f8cce0368c.jpg,0,0.9235294117647059
2bbdb0a519013af2.jpg,14,1.8470588235294119
2bd137d9e8c2a8d9.jpg,12,0.9235294117647059
2bd9681497e2eb3a.jpg,13,1.248012718600954
2c4aef59eb3e8f84.jpg,9,0.9235294117647059
2c5a2a5f066b1c82.jpg,3,0.9235294117647059
2c7de2c90fe6388f.jpg,12,0.9235294117647059
2c83cba92c88468c.jpg,9,0.9235294117647059
2ca6dd9543332aea.jpg,1,2.0076726342710995
2d1381ebe8a01fa2.jpg,0,0.9235294117647059
2d2269b6c266dff0.jpg,4,0.9235294117647059
2d53b7c7b8cd47ac.jpg,6,0.9235294117647059
2db10d90789ed7e6.jpg,4,0.9235294117647059
2db21acd1d1402a7.jpg,10,0.9235294117647059
2dec15a45154959e.jpg,8,0.9235294117647059
2e2d105c5a7df767.jpg,4,0.9235294117647059
2e340057f941be08.jpg,5,0.9235294117647059
2e3550bead1a72cb.jpg,14,1.8470588235294119
2e5acd2c86fc6ad3.jpg,3,0.9235294117647059
2e939381a84d19cf.jpg,7,0.9235294117647059
2e9848b9a0ccbf72.jpg,13,1.248012718600954
2ece6d9427f8602b.jpg,1,2.0076726342710995
2edee3a4605a6992.jpg,14,1.8470588235294119
2f10436b17d47159.jpg,9,0.9235294117647059
2f3571beb1cdbc2a.jpg,5,0.9235294117647059
2f54a350152fc848.jpg,10,0.9235294117647059
2f9e59fc591b0b0e.jpg,5,0.9235294117647059
2fa2273e868d224e.jpg,10,0.9235294117647059
2fef62c132543794.jpg,6,0.9235294117647059
300c5be1070fd0ca.jpg,0,0.9235294117647059
3010c2ef019abeeb.jpg,15,0.9235294117647059
30363ae8afb9f685.jpg,8,0.9235294117647059
304fd1de239ea7c6.jpg,15,0.9235294117647059
3058a1d26cf2d4cc.jpg,16,0.9235294117647059
308ffb1480b710bb.jpg,3,0.9235294117647059
309ce6a6e13f0177.jpg,1,2.0076726342710995
30b2df34210bef90.jpg,0,0.9235294117647059
31403802398458b2.jpg,5,0.9235294117647059
317d0100d8d875cd.jpg,10,0.9235294117647059
31b8db5e4a6c36a0.jpg,1,2.0076726342710995
321cc4226ad59da1.jpg,9,0.9235294117647059
32cd3c80f5ceca3e.jpg,1,2.0076726342710995
32dc0bbace373001.jpg,6,0.9235294117647059
32f16dc5a731b111.jpg,9,0.9235294117647059
32f175a825abf9e8.jpg,9,0.9235294117647059
3311d1b3fbfd27cb.jpg,10,0.9235294117647059
3328bcc59f70eba9.jpg,2,0.9235294117647059
337eb06c7c2d709d.jpg,3,0.9235294117647059
3393b9f804bff29f.jpg,7,0.9235294117647059
33dd3c24c72a1879.jpg,15,0.9235294117647059
33eb258301be774c.jpg,8,0.9235294117647059
3400e4d2f3772cdd.jpg,6,0.9235294117647059
340339bffa631da0.jpg,3,0.9235294117647059
343fcb668bb39d6f.jpg,16,0.9235294117647059
345e99c3012ad832.jpg,12,0.9235294117647059
34c5189a68346df2.jpg,13,1.248012718600954
3555c7c9d966077e.jpg,11,0.9235294117647059
356ae63d8d2c9a4b.jpg,16,0.9235294117647059
356d8b33c4a3881c.jpg,8,0.9235294117647059
356d928ddcc18c2c.jpg,16,0.9235294117647059
36337da177221f75.jpg,15,0.9235294117647059
363edeab084e0800.jpg,13,1.248012718600954
365f9dd663ce66ec.jpg,5,0.9235294117647059
3662df95535e82f1.jpg,6,0.9235294117647059
3692370e53cb2b40.jpg,8,0.9235294117647059
3696b2ffaa6147e6.jpg,14,1.8470588235294119
3697795011b535c6.jpg,2,0.9235294117647059
36c7cfcc9e17a134.jpg,0,0.9235294117647059
36e1647d484b88b7.jpg,7,0.9235294117647059
36e8941ee6688769.jpg,8,0.9235294117647059
3729eca1540fe908.jpg,8,0.9235294117647059
373e02b8c92800b3.jpg,8,0.9235294117647059
37492d1e2cd93ccb.jpg,10,0.9235294117647059
3749f61bc7fe4c1a.jpg,5,0.9235294117647059
37677496d1cb705a.jpg,6,0.9235294117647059
37a581964c5dd537.jpg,9,0.9235294117647059
37a79e77c1c3ed6d.jpg,11,0.9235294117647059
37f9414beea68229.jpg,14,1.8470588235294119
382426073dbdd709.jpg,10,0.9235294117647059
382d0975f15bcf4b.jpg,10,0.9235294117647059
3894573a98e02cc8.jpg,0,0.9235294117647059
38c4469181001a62.jpg,16,0.9235294117647059
38ca25fc6cea6554.jpg,11,0.9235294117647059
38d1796b6ad99ddd.jpg,11,0.9235294117647059
39132ee7af16925f.jpg,0,0.9235294117647059
392a24cddc8df59f.jpg,16,0.9235294117647059
393395fdaeaafde3.jpg,0,0.9235294117647059
3958ff328e348138.jpg,12,0.9235294117647059
3961bbc5ad66a757.jpg,16,0.9235294117647059
3963920965897f10.jpg,3,0.9235294117647059
39a4f1b94db5e879.jpg,4,0.9235294117647059
39aac55dba3a8184.jpg,12,0.9235294117647059
39c151defee976da.jpg,6,0.9235294117647059
39e47698e2ffe3d6.jpg,0,0.9235294117647059
39f3daa7b06e4a99.jpg,12,0.9235294117647059
3a4d4dfe70377fd1.jpg,5,0.9235294117647059
3a698c6a1d3a12ba.jpg,11,0.9235294117647059
3a9874f83dd1374a.jpg,13,1.248012718600954
3aa71b5ec5630ae9.jpg,9,0.9235294117647059
3ae93b2b566b6701.jpg,8,0.9235294117647059
3af0108e01850ce2.jpg,2,0.9235294117647059
3b013762fcc19049.jpg,7,0.9235294117647059
3b2ddc667cea0d48.jpg,7,0.9235294117647059
3b75b362c09c5211.jpg,10,0.9235294117647059
3b91709613216b2e.jpg,15,0.9235294117647059
3ba57a9809fd5d85.jpg,2,0.9235294117647059
3bb223f51066e2ab.jpg,5,0.9235294117647059
3be7f7e9328c9df0.jpg,6,0.9235294117647059
3bfe7ede8461906b.jpg,0,0.9235294117647059
3c5e27755a69ce2c.jpg,7,0.9235294117647059
3c70af0a1f13fcae.jpg,3,0.9235294117647059
3c7bb9efbafb0d4f.jpg,11,0.9235294117647059
3c99358b35b7e8fa.jpg,13,1.248012718600954
3cb6afbeaffba974.jpg,2,0.9235294117647059
3ce11e38e41063e0.jpg,10,0.9235294117647059
3cebf64f33f2f68a.jpg,5,0.9235294117647059
3d2652bc161341c1.jpg,16,0.9235294117647059
3d298ee084f43b5e.jpg,7,0.9235294117647059
3d37e6b01e0cde9d.jpg,1,2.0076726342710995
3d6e3e961e5c394d.jpg,4,0.9235294117647059
3d81b423a1d5c984.jpg,0,0.9235294117647059
3dc5a8b739699f93.jpg,11,0.9235294117647059
3deed21958961f2a.jpg,10,0.9235294117647059
3e51ededb8c6e939.jpg,0,0.9235294117647059
3e74aa6ae952d1a3.jpg,2,0.9235294117647059
3e75ed82d7e027a2.jpg,13,1.248012718600954
3e7fdfd21ce2dd75.jpg,0,0.9235294117647059
3e843ce4375db852.jpg,9,0.9235294117647059
3e9932b25b0373a2.jpg,2,0.9235294117647059
3ebfa49cd84331d7.jpg,9,0.9235294117647059
3ed8af50dbed1d8a.jpg,12,0.9235294117647059
3eec1d86cb3c9eb9.jpg,2,0.9235294117647059
3f0cca298c59752d.jpg,3,0.9235294117647059
3f3667f946bde615.jpg,13,1.248012718600954
3f429bb3635c49cd.jpg,12,0.9235294117647059
3f5aad5a1cc1a7d6.jpg,14,1.8470588235294119
3f661802e1c3f4ad.jpg,9,0.9235294117647059
3ffe6ae0f539496d.jpg,0,0.9235294117647059
4035044548fcc3a8.jpg,6,0.9235294117647059
408855f38976f8cc.jpg,10,0.9235294117647059
409367f5f5b7de98.jpg,12,0.9235294117647059
410664d321327e7f.jpg,15,0.9235294117647059
4146570192e08710.jpg,6,0.9235294117647059
417c039e080304c5.jpg,11,0.9235294117647059
418bf4c97eddc30a.jpg,4,0.9235294117647059
41a73bccafe280d2.jpg,7,0.9235294117647059
41d3b2a40ed4a4b4.jpg,15,0.9235294117647059
42768ff4b8ca25a1.jpg,5,0.9235294117647059
428cdf5fc363b86e.jpg,11,0.9235294117647059
431381d79be5b521.jpg,9,0.9235294117647059
4334b08d1c84cd7d.jpg,15,0.9235294117647059
4336cf4db2837f66.jpg,5,0.9235294117647059
436d42275d092b3a.jpg,5,0.9235294117647059
4389d237184fcb1e.jpg,4,0.9235294117647059
43965cc70d7d14e0.jpg,12,0.9235294117647059
43ac24060d10b7e5.jpg,16,0.9235294117647059
43c1da91f513c337.jpg,16,0.9235294117647059
43c927101a14247f.jpg,3,0.9235294117647059
440c82c4d1c581c6.jpg,15,0.9235294117647059
441954c6ebbf9ca8.jpg,5,0.9235294117647059
442106839e07ff35.jpg,12,0.9235294117647059
443934f1e8cda268.jpg,8,0.9235294117647059
4448a078afa88f51.jpg,7,0.9235294117647059
4474bbcb08153190.jpg,12,0.9235294117647059
44a6366325306cc6.jpg,13,1.248012718600954
4538698894b1f859.jpg,12,0.9235294117647059
45413d5c253ff6a8.jpg,15,0.9235294117647059
454efe7054209eac.jpg,6,0.9235294117647059
457cd32cb351d570.jpg,12,0.9235294117647059
45de554390b44351.jpg,3,0.9235294117647059
45ec22e6b1b60734.jpg,14,1.8470588235294119
45f0d2dfc7e47c03.jpg,3,0.9235294117647059
45fb50995dea6740.jpg,10,0.9235294117647059
4606a9ccbc65f3e5.jpg,10,0.9235294117647059
461eea7d62965d0e.jpg,16,0.9235294117647059
4620f6e53442f3b6.jpg,3,0.9235294117647059
467d6c568a375294.jpg,9,0.9235294117647059
46972b92fe19871e.jpg,2,0.9235294117647059
46f1b9d6cb5864f5.jpg,13,1.248012718600954
474112e5fe5a9458.jpg,15,0.9235294117647059
47a5d51294b4289a.jpg,9,0.9235294117647059
47b26be990f7065a.jpg,11,0.9235294117647059
47bfeda81405c1dd.jpg,11,0.9235294117647059
4802719556a4017a.jpg,9,0.9235294117647059
4826a34b61ae4e98.jpg,13,1.248012718600954
485508cdbc358c78.jpg,1,2.0076726342710995
485c7b00ac003324.jpg,5,0.9235294117647059
48675735fa816fb9.jpg,6,0.9235294117647059
486e83775bea4497.jpg,4,0.9235294117647059
487d701188730123.jpg,13,1.248012718600954
48fbed133d9f11b1.jpg,8,0.9235294117647059
493382458cfa36b8.jpg,13,1.248012718600954
4960dbb824121260.jpg,2,0.9235294117647059
49a27cda7297e82d.jpg,8,0.9235294117647059
49a364afd40c6c73.jpg,8,0.9235294117647059
49a92ee5ba8d656f.jpg,9,0.9235294117647059
4a35e18aa81f156d.jpg,11,0.9235294117647059
4a38e395726fbc06.jpg,7,0.9235294117647059
4a48e1d9202ed3e1.jpg,15,0.9235294117647059
4a5dfe6fe1ba552b.jpg,15,0.9235294117647059
4a7c4627a519f7b6.jpg,16,0.9235294117647059
4af07f795888470b.jpg,9,0.9235294117647059
4b8656989ea5a560.jpg,11,0.9235294117647059
4b8a4d471e1126b9.jpg,16,0.9235294117647059
4b90856f199fba68.jpg,13,1.248012718600954
4b9e174a06499f99.jpg,8,0.9235294117647059
4bb7fd44ce85cd09.jpg,11,0.9235294117647059
4bdec47234b71ffb.jpg,14,1.8470588235294119
4bed64cb9977e032.jpg,10,0.9235294117647059
4bf67e4500df13ca.jpg,6,0.9235294117647059
4c037c35216fdf7e.jpg,4,0.9235294117647059
4c0afb59b757bf30.jpg,10,0.9235294117647059
4c1ab7fcd0c7ee4a.jpg,11,0.9235294117647059
4c618df68895cc0d.jpg,11,0.9235294117647059
4c8277bb403a2559.jpg,7,0.9235294117647059
4c86ea36fb5eb458.jpg,10,0.9235294117647059
4c9d1b5a97095be3.jpg,3,0.9235294117647059
4ca2ec8f7f492b0d.jpg,7,0.9235294117647059
4caf430fb057bfa5.jpg,8,0.9235294117647059
4cb40376288e0793.jpg,12,0.9235294117647059
4cd3ef093b6ee9a2.jpg,9,0.9235294117647059
4cfebc3ddc055855.jpg,11,0.9235294117647059
4db877f866eb21bb.jpg,12,0.9235294117647059
4ddc51bca63ac1ff.jpg,2,0.9235294117647059
4df2ec93065a5c5b.jpg,5,0.9235294117647059
4e038b45aa1e5324.jpg,5,0.9235294117647059
4e2a575b25836964.jpg,2,0.9235294117647059
4e4154297f6a02c3.jpg,0,0.9235294117647059
4e5848a4ad483009.jpg,7,0.9235294117647059
4e63bb0e147078b6.jpg,13,1.248012718600954
4e847b2d3775c715.jpg,16,0.9235294117647059
4eaac28ab81c0b83.jpg,6,0.9235294117647059
4ec0f8a4a5ac3b01.jpg,7,0.9235294117647059
4ed2947145d6a6a5.jpg,1,2.0076726342710995
4efd4cc11e8c8d5e.jpg,10,0.9235294117647059
4f15438f43c3bd4b.jpg,2,0.9235294117647059
4f1a0debe89c7641.jpg,7,0.9235294117647059
4f1a963ecae7b3ed.jpg,2,0.9235294117647059
4f251e4f50e1b033.jpg,9,0.9235294117647059
4f4100964a806572.jpg,8,0.9235294117647059
4f67b1e9ba0fe848.jpg,3,0.9235294117647059
4f6c6ad8ec287c2d.jpg,7,0.9235294117647059
4fc43e7a1b6dd9f9.jpg,15,0.9235294117647059
4fd4d1f693c164e6.jpg,16,0.9235294117647059
5074e85e2a75a1fe.jpg,14,1.8470588235294119
508391fc78dd9420.jpg,7,0.9235294117647059
50857120c1df0665.jpg,12,0.9235294117647059
50bdc79a2007cdcf.jpg,7,0.9235294117647059
513a76b111c229cf.jpg,3,0.9235294117647059
513df60c6920cc57.jpg,2,0.9235294117647059
514d97736492f467.jpg,7,0.9235294117647059
5156dbccfd284692.jpg,6,0.9235294117647059
51807e423fc0a50b.jpg,15,0.9235294117647059
51b357c1f450069b.jpg,5,0.9235294117647059
51c3d534d5b0eae6.jpg,5,0.9235294117647059
51c82bafa7f34b88.jpg,2,0.9235294117647059
51d0c28834bff14f.jpg,8,0.9235294117647059
51ef555026d28c0d.jpg,12,0.9235294117647059
51fe52a95d431a86.jpg,3,0.9235294117647059
5212b568235a1698.jpg,2,0.9235294117647059
522fe6f8d1abb5ef.jpg,16,0.9235294117647059
52455ce555f362c7.jpg,6,0.9235294117647059
5249ba4981645813.jpg,7,0.9235294117647059
527bbc026f211d97.jpg,13,1.248012718600954
527fab11eda98ffa.jpg,16,0.9235294117647059
5290b99808648432.jpg,11,0.9235294117647059
52b3406a5da092e7.jpg,11,0.9235294117647059
52f8ac5f5eea0900.jpg,10,0.9235294117647059
5321f2bca9dc723f.jpg,4,0.9235294117647059
53937effdc1688e2.jpg,7,0.9235294117647059
539e569fb0fc743c.jpg,16,0.9235294117647059
53a421b8e55160de.jpg,7,0.9235294117647059
53c93275d2236e10.jpg,11,0.9235294117647059
53e003ccf185b249.jpg,14,1.8470588235294119
5403da8f45eaf06c.jpg,7,0.9235294117647059
542b22f1afe45112.jpg,5,0.9235294117647059
54a7b58c3f6d1210.jpg,3,0.9235294117647059
555398e0765220c1.jpg,16,0.9235294117647059
5560176771b2f4f2.jpg,1,2.0076726342710995
557f45c046376c71.jpg,12,0.9235294117647059
5580a49957352133.jpg,6,0.9235294117647059
55add846d31a1ece.jpg,7,0.9235294117647059
55e25985ad013d19.jpg,4,0.9235294117647059
56015bf54949be11.jpg,5,0.9235294117647059
56110e2abf6c379c.jpg,5,0.9235294117647059
5624748fdfd395a8.jpg,10,0.9235294117647059
562e641f4791dd0e.jpg,9,0.9235294117647059
562f12548dbd4f46.jpg,0,0.9235294117647059
566f13daebeac000.jpg,15,0.9235294117647059
572a127d4afbe039.jpg,10,0.9235294117647059
5771ab92c813b61c.jpg,11,0.9235294117647059
579be43726250a48.jpg,16,0.9235294117647059
57a48562a058e968.jpg,2,0.9235294117647059
57b5968d4c045943.jpg,12,0.9235294117647059
57f3341203558d9d.jpg,10,0.9235294117647059
57f3fc5e8ef23c8e.jpg,5,0.9235294117647059
580468cba600b183.jpg,4,0.9235294117647059
5810defe4b1b3ede.jpg,5,0.9235294117647059
584c63a3663cd4eb.jpg,6,0.9235294117647059
58a4d8f4c983c6b0.jpg,11,0.9235294117647059
58eb4a9b2d3a7c7c.jpg,2,0.9235294117647059
590a4befbe2db3cc.jpg,13,1.248012718600954
591f6b87942dfe1d.jpg,7,0.9235294117647059
5940a96ae99a8bf8.jpg,3,0.9235294117647059
594863cf7ecceab8.jpg,13,1.248012718600954
595ea01b1df88d86.jpg,2,0.9235294117647059
59c47eb7aba8f7f1.jpg,3,0.9235294117647059
59c8a51d54997fff.jpg,8,0.9235294117647059
59d7a2b3cfdab46d.jpg,5,0.9235294117647059
5a18fb6fb6906ba3.jpg,2,0.9235294117647059
5a1fdb6d28d26691.jpg,3,0.9235294117647059
5a289c094c813d4a.jpg,11,0.9235294117647059
5a2d5e3af3807853.jpg,8,0.9235294117647059
5a43267839f3fb62.jpg,8,0.9235294117647059
5a434571d74cf4a5.jpg,6,0.9235294117647059
5a6b7f756b95da64.jpg,2,0.9235294117647059
5a7771866a4169da.jpg,15,0.9235294117647059
5a9bbf836c0993de.jpg,4,0.9235294117647059
5abeb78c00f3cb48.jpg,12,0.9235294117647059
5aebabbc0e73c7df.jpg,0,0.9235294117647059
5af840cc6f074b98.jpg,10,0.9235294117647059
5b189bf1901fb1aa.jpg,12,0.9235294117647059
5b1f39022256d6f9.jpg,12,0.9235294117647059
5b6de2f58985b9a4.jpg,13,1.248012718600954
5ba19592cee8212c.jpg,14,1.8470588235294119
5bc23b2ae612b6c5.jpg,4,0.9235294117647059
5be46f4d1470b120.jpg,13,1.248012718600954
5c4fa8be15d53311.jpg,6,0.9235294117647059
5c877959b45a99a5.jpg,12,0.9235294117647059
5c8d6bb560bc0f79.jpg,6,0.9235294117647059
5cab99cabced8333.jpg,5,0.9235294117647059
5cba776cef24af8a.jpg,0,0.9235294117647059
5cd0177bad99e239.jpg,4,0.9235294117647059
5d04936ef2d91b3e.jpg,7,0.9235294117647059
5d377a525796e448.jpg,15,0.9235294117647059
5d4c9847047f46cc.jpg,13,1.248012718600954
5d53d389933f4429.jpg,1,2.0076726342710995
5d574d6ca3875e23.jpg,11,0.9235294117647059
5d6c9d02128242a0.jpg,8,0.9235294117647059
5d9bcf9f425718ae.jpg,8,0.9235294117647059
5da92a313921b370.jpg,10,0.9235294117647059
5db90ffe1eb7b025.jpg,14,1.8470588235294119
5dcc0bc3c7e4d9f0.jpg,6,0.9235294117647059
5e0a1d1d4b14d2e1.jpg,2,0.9235294117647059
5e33827d9855b83a.jpg,1,2.0076726342710995
5e6b87eefb3f06a3.jpg,1,2.0076726342710995
5e6bbdf399b21611.jpg,11,0.9235294117647059
5eb8d197d228609e.jpg,16,0.9235294117647059
5f047c4d27c6d01e.jpg,7,0.9235294117647059
5f3d26e88ab186b6.jpg,0,0.9235294117647059
5f489ecf342e00d2.jpg,15,0.9235294117647059
5f58e166f410eae4.jpg,9,0.9235294117647059
5f86b7790b475a00.jpg,3,0.9235294117647059
601849c7ef75e478.jpg,13,1.248012718600954
60736fb522fa9311.jpg,13,1.248012718600954
60aeb7b4944d9d72.jpg,13,1.248012718600954
60c30c198d80fc5b.jpg,7,0.9235294117647059
60c51c3e594c25d8.jpg,7,0.9235294117647059
60d372fb5e69fafe.jpg,4,0.9235294117647059
613512047cd9649f.jpg,12,0.9235294117647059
61519c9c56c03f33.jpg,8,0.9235294117647059
6169268c7f8518fe.jpg,6,0.9235294117647059
61b488cffc2de558.jpg,11,0.9235294117647059
61d4afc57452e338.jpg,8,0.9235294117647059
6234fa64cfeabf1b.jpg,12,0.9235294117647059
62529466e45e88e1.jpg,4,0.9235294117647059
627c7ab37338a80a.jpg,11,0.9235294117647059
628983df06fa9dc1.jpg,0,0.9235294117647059
62acf443f035ee3d.jpg,11,0.9235294117647059
62c1c6a75593ec52.jpg,2,0.9235294117647059
62d8b41419418098.jpg,9,0.9235294117647059
630b0b8483e1abc9.jpg,5,0.9235294117647059
6312a7fb3f91eeb3.jpg,11,0.9235294117647059
6351d90712c86582.jpg,16,0.9235294117647059
637b6af1fec0ccf2.jpg,6,0.9235294117647059
638449335fbd1759.jpg,12,0.9235294117647059
6388f6a748b6b5c9.jpg,8,0.9235294117647059
63b4e87e890cfbc3.jpg,4,0.9235294117647059
63b8a5453e5aead1.jpg,0,0.9235294117647059
63d37324e2455630.jpg,9,0.9235294117647059
64280b3a1deb4fe3.jpg,9,0.9235294117647059
642eeea5c00d9a8e.jpg,0,0.9235294117647059
64b7b327bee5ff46.jpg,10,0.9235294117647059
64be3ad0b648f8ca.jpg,4,0.9235294117647059
64bfe6bb12a2b19d.jpg,12,0.9235294117647059
64cc2059ff0b2b7f.jpg,0,0.9235294117647059
64de0d5782390458.jpg,16,0.9235294117647059
653d9830004b3602.jpg,4,0.9235294117647059
65453fe7b270cd4a.jpg,0,0.9235294117647059
654e10bb8ec38099.jpg,4,0.9235294117647059
65886a07284e5f43.jpg,4,0.9235294117647059
65948ca6d0c63466.jpg,8,0.9235294117647059
6595fdaa3351e74e.jpg,3,0.9235294117647059
659919452b57f180.jpg,8,0.9235294117647059
65a6353fc364f6bb.jpg,2,0.9235294117647059
65b191b1c0b79bbc.jpg,14,1.8470588235294119
65de4b66ba654c58.jpg,4,0.9235294117647059
65e3c8286f990f3a.jpg,2,0.9235294117647059
65e54d26136cd5e1.jpg,4,0.9235294117647059
6614317845c5c3bd.jpg,15,0.9235294117647059
66469978dfc91a6a.jpg,4,0.9235294117647059
664870358de72c79.jpg,11,0.9235294117647059
6650fc952634469b.jpg,13,1.248012718600954
665841c40fd8e975.jpg,10,0.9235294117647059
665e3f6bd4fb0a1c.jpg,4,0.9235294117647059
668d779a4bcbca9b.jpg,9,0.9235294117647059
669a9c9ae2a79a2b.jpg,10,0.9235294117647059
66a01bd2435be87d.jpg,6,0.9235294117647059
66cbc35f2e055ac5.jpg,8,0.9235294117647059
66e077b9e126c7cb.jpg,12,0.9235294117647059
6711b3773598320d.jpg,2,0.9235294117647059
67271790e17abbf2.jpg,4,0.9235294117647059
675a79a2fd62de23.jpg,6,0.9235294117647059
677b9ff187f51bf4.jpg,1,2.0076726342710995
6803ce25ed4d3617.jpg,16,0.9235294117647059
6804bbcb0644bfaa.jpg,7,0.9235294117647059
6830f36b4231f1f8.jpg,4,0.9235294117647059
6833fc9562046889.jpg,7,0.9235294117647059
6836aaeab9395036.jpg,13,1.248012718600954
68448bac622f658a.jpg,9,0.9235294117647059
68465df7e54034e7.jpg,14,1.8470588235294119
686ac0f84cef81a3.jpg,15,0.9235294117647059
68ad00a3f2a7ecdb.jpg,0,0.9235294117647059
68c5172e0d62f27d.jpg,11,0.9235294117647059
68e28dd5366800c1.jpg,6,0.9235294117647059
690245deffbb23a6.jpg,3,0.9235294117647059
694770262d00d28a.jpg,10,0.9235294117647059
6951cb8e94d8669b.jpg,10,0.9235294117647059
696204cbf98c1442.jpg,6,0.9235294117647059
69c0945525596387.jpg,2,0.9235294117647059
6a2c867603ef83d9.jpg,10,0.9235294117647059
6a5e59ff5eca67e7.jpg,16,0.9235294117647059
6ab9dd9b5f52f39c.jpg,13,1.248012718600954
6b0dd94eaf6694db.jpg,0,0.9235294117647059
6b15c5f163e4c7b2.jpg,13,1.248012718600954
6bd986855bafb57e.jpg,10,0.9235294117647059
6bd9b10df1a9e223.jpg,3,0.9235294117647059
6bdc7ee485d608d9.jpg,10,0.9235294117647059
6c01be75619654ab.jpg,15,0.9235294117647059
6c64da4992b0908e.jpg,0,0.9235294117647059
6c7c0ef5def29ad3.jpg,5,0.9235294117647059
6c7ee6f5642493df.jpg,0,0.9235294117647059
6c86addce8dddcc1.jpg,7,0.9235294117647059
6c9e044cdd574bc5.jpg,12,0.9235294117647059
6caee0e4e634a134.jpg,10,0.9235294117647059
6ce000129615ec5b.jpg,0,0.9235294117647059
6ce5c3ace8c4601d.jpg,8,0.9235294117647059
6d41878ae3c7e40b.jpg,16,0.9235294117647059
6d5dad8f246c0ecb.jpg,16,0.9235294117647059
6d6ffab07161b8be.jpg,11,0.9235294117647059
6dbb0d26b45902b4.jpg,16,0.9235294117647059
6dcd1339e544cd25.jpg,12,0.9235294117647059
6e4958148a2c3464.jpg,5,0.9235294117647059
6f07e6e19c86efc7.jpg,7,0.9235294117647059
6fb7c18203fe1ac6.jpg,5,0.9235294117647059
6fd986384882e898.jpg,11,0.9235294117647059
6fdb4b80ba1cfb7b.jpg,6,0.9235294117647059
6ffc74bd3885ee68.jpg,15,0.9235294117647059
70235f48ef14bdc8.jpg,5,0.9235294117647059
703e90507a11d59e.jpg,11,0.9235294117647059
703f024bcd5b0d26.jpg,5,0.9235294117647059
704f0cdc69a6d98d.jpg,4,0.9235294117647059
706cc6881b18b291.jpg,3,0.9235294117647059
706f88bd829080ed.jpg,14,1.8470588235294119
70c329deab35bb61.jpg,7,0.9235294117647059
70e54fdd0135308b.jpg,12,0.9235294117647059
7100c5c67aecadc5.jpg,3,0.9235294117647059
713c484c86197d5b.jpg,16,0.9235294117647059
71648dd333e17a65.jpg,12,0.9235294117647059
716c2fced083a6a6.jpg,12,0.9235294117647059
7179798d91789148.jpg,1,2.0076726342710995
71a66c0c5e7f1806.jpg,7,0.9235294117647059
71b4afcf511ef770.jpg,7,0.9235294117647059
71dde89e294555fc.jpg,4,0.9235294117647059
721029136b9956ff.jpg,15,0.9235294117647059
72dcf78da45303d2.jpg,11,0.9235294117647059
733783e7eccfee05.jpg,7,0.9235294117647059
73435b2b35ec0c32.jpg,1,2.0076726342710995
737923b93a9c2de3.jpg,11,0.9235294117647059
73824c562e4dbaed.jpg,5,0.9235294117647059
738660387439a720.jpg,4,0.9235294117647059
739e4dea86e517c6.jpg,7,0.9235294117647059
73b17549c8ab8a99.jpg,8,0.9235294117647059
73e6a22019fe8471.jpg,9,0.9235294117647059
741f4bcf985180b6.jpg,6,0.9235294117647059
745459e83b42eb42.jpg,2,0.9235294117647059
74a24ffce48fa35f.jpg,9,0.9235294117647059
74ab4f0f29de685f.jpg,10,0.9235294117647059
74cdf0bf86283b84.jpg,4,0.9235294117647059
74e2e8c2461eca6a.jpg,2,0.9235294117647059
7505438c31496bee.jpg,12,0.9235294117647059
7508d0ccef20ee1e.jpg,10,0.9235294117647059
7525cd248ec56e2c.jpg,10,0.9235294117647059
7530a83040316e47.jpg,1,2.0076726342710995
75495821840264c3.jpg,2,0.9235294117647059
754e4dceff5995d5.jpg,12,0.9235294117647059
757fec90bcdd3dec.jpg,3,0.9235294117647059
75c0ad5d412bde18.jpg,8,0.9235294117647059
75e4e2d2146ddd2e.jpg,9,0.9235294117647059
75efbb757e327459.jpg,12,0.9235294117647059
75fc96abad67684d.jpg,3,0.9235294117647059
7619acf76043f672.jpg,6,0.9235294117647059
762842c6d662af02.jpg,7,0.9235294117647059
765341e233dcaa33.jpg,0,0.9235294117647059
767a627b4b2d862a.jpg,7,0.9235294117647059
768545ba7f6fd580.jpg,0,0.9235294117647059
76a643f0d997792f.jpg,8,0.9235294117647059
76b5c632711b3be0.jpg,16,0.9235294117647059
76d4152b6109538c.jpg,15,0.9235294117647059
76ff32bef566bd38.jpg,14,1.8470588235294119
77549472e91854fe.jpg,16,0.9235294117647059
77595f4cd1a31f8a.jpg,16,0.9235294117647059
776f90fdda83d089.jpg,16,0.9235294117647059
77e5c96da6c81a73.jpg,7,0.9235294117647059
77f00ee49337ce33.jpg,11,0.9235294117647059
781f41d8469b6871.jpg,5,0.9235294117647059
782b87f9c888e71e.jpg,6,0.9235294117647059
785860603a570231.jpg,16,0.9235294117647059
785c49e3d1d44486.jpg,10,0.9235294117647059
78b3f4f8fde4d8e5.jpg,14,1.8470588235294119
78da144ebc783909.jpg,3,0.9235294117647059
78e054806debb3d0.jpg,9,0.9235294117647059
79463b3198120a5b.jpg,12,0.9235294117647059
794779cd2ac51622.jpg,1,2.0076726342710995
794938aa61f01452.jpg,3,0.9235294117647059
7960b14919ebf48a.jpg,7,0.9235294117647059
7970760bad68648a.jpg,5,0.9235294117647059
79b4985b91ddce77.jpg,16,0.9235294117647059
7a0874abecb8bf5a.jpg,3,0.9235294117647059
7a253a82f9c7f46b.jpg,11,0.9235294117647059
7a5c7b2d02f2dca6.jpg,4,0.9235294117647059
7a8291e3fc513778.jpg,2,0.9235294117647059
7a93daca774a4e3a.jpg,11,0.9235294117647059
7ab2734fda8559de.jpg,0,0.9235294117647059
7ab983002722bfdd.jpg,9,0.9235294117647059
7acf0f2c4533e428.jpg,13,1.248012718600954
7ae55baa09533c1f.jpg,4,0.9235294117647059
7b166a62c779efa4.jpg,11,0.9235294117647059
7b24704921b22122.jpg,12,0.9235294117647059
7b30b726a3fb7a14.jpg,7,0.9235294117647059
7b34791122902f7a.jpg,1,2.0076726342710995
7b49170a9fd282ea.jpg,8,0.9235294117647059
7b6175b967d7c92f.jpg,3,0.9235294117647059
7ba159018cb5c499.jpg,0,0.9235294117647059
7bc3f5f4cc4f1873.jpg,3,0.9235294117647059
7bca7363a178647c.jpg,5,0.9235294117647059
7bfc97dd53b51410.jpg,8,0.9235294117647059
7c42f2261aedc210.jpg,3,0.9235294117647059
7c47da1439b3a661.jpg,9,0.9235294117647059
7c55b18fd58721bb.jpg,10,0.9235294117647059
7c6dbe977e1eb23e.jpg,9,0.9235294117647059
7c6fb8ca1b30ee46.jpg,14,1.8470588235294119
7c75b44fa4fb5c1f.jpg,4,0.9235294117647059
7cca99483bd473f0.jpg,9,0.9235294117647059
7ce5e5dc4eb34620.jpg,9,0.9235294117647059
7d42ded7563626a4.jpg,3,0.9235294117647059
7d51a58b5aa532fc.jpg,9,0.9235294117647059
7dbf8f668b479f2f.jpg,11,0.9235294117647059
7e0055ffb2289efb.jpg,2,0.9235294117647059
7e6db317ae0f6798.jpg,0,0.9235294117647059
7e99488642b706df.jpg,9,0.9235294117647059
7e9e5fed6c7748b8.jpg,13,1.248012718600954
7ef2b4e1897c690e.jpg,4,0.9235294117647059
7f23b9ae37e539ea.jpg,1,2.0076726342710995
7f264f1599b1a740.jpg,16,0.9235294117647059
8034f6c5674487ff.jpg,12,0.9235294117647059
8071934820f18a2e.jpg,9,0.9235294117647059
80a6534b0c0b12e3.jpg,8,0.9235294117647059
80d85bb2bd481cff.jpg,15,0.9235294117647059
80f998b8dd043ab3.jpg,14,1.8470588235294119
80fc982d6dd12c96.jpg,3,0.9235294117647059
80fe3a6b9c2f94d1.jpg,8,0.9235294117647059
8109cf3051389336.jpg,6,0.9235294117647059
8140a29253d51e15.jpg,6,0.9235294117647059
8145e009ad6dd52d.jpg,12,0.9235294117647059
8189f3a50f102070.jpg,2,0.9235294117647059
81ca8f684b6aee30.jpg,7,0.9235294117647059
81dbdb42bedcde5e.jpg,4,0.9235294117647059
81e5282c3c19a13b.jpg,13,1.248012718600954
822f9d89d790a354.jpg,12,0.9235294117647059
824f40bb56fb0e4d.jpg,15,0.9235294117647059
8277bf9d16311e62.jpg,11,0.9235294117647059
82b19ea64a4ea2dc.jpg,7,0.9235294117647059
831e7c40b7700f27.jpg,7,0.9235294117647059
83417d8b7e02a45f.jpg,3,0.9235294117647059
8345196de286a646.jpg,14,1.8470588235294119
83623d4acfbed22d.jpg,8,0.9235294117647059
836ea26ba4211e4d.jpg,4,0.9235294117647059
8392719a0503153f.jpg,7,0.9235294117647059
83be41b75fd51b95.jpg,7,0.9235294117647059
83dae58025c2e2be.jpg,11,0.9235294117647059
83f03da25eb699f9.jpg,11,0.9235294117647059
840472f4cb2d7f5b.jpg,12,0.9235294117647059
840c53f776730ffe.jpg,14,1.8470588235294119
845fa55f9af2971e.jpg,4,0.9235294117647059
84ba3fe34d86a6ea.jpg,6,0.9235294117647059
84effa5e8f21ae90.jpg,7,0.9235294117647059
8513926fb711c64f.jpg,12,0.9235294117647059
852a9eabe6fb3d1a.jpg,2,0.9235294117647059
8536be68aff02bad.jpg,8,0.9235294117647059
8595a16cf5971251.jpg,4,0.9235294117647059
85abfc517a6b2e9a.jpg,12,0.9235294117647059
85bf897665f00361.jpg,4,0.9235294117647059
8626caa67beae2f0.jpg,8,0.9235294117647059
86363da117fc12f1.jpg,8,0.9235294117647059
8646f2c3280a4f49.jpg,7,0.9235294117647059
868488f5c4d60f6b.jpg,5,0.9235294117647059
8697260b366876a9.jpg,5,0.9235294117647059
8705d822732b6be7.jpg,5,0.9235294117647059
870e37a56286f13c.jpg,13,1.248012718600954
87582703d287fb2d.jpg,2,0.9235294117647059
8784cdf5c5549c8b.jpg,3,0.9235294117647059
8786ec88edd5b15b.jpg,0,0.9235294117647059
878870db1b71a44c.jpg,10,0.9235294117647059
88478aa0be9cff21.jpg,4,0.9235294117647059
885e3733e3860193.jpg,4,0.9235294117647059
885f2035f7ad26fa.jpg,10,0.9235294117647059
8896e2785aae4234.jpg,2,0.9235294117647059
88c917b4708fb4d0.jpg,7,0.9235294117647059
88eb38975f285b72.jpg,9,0.9235294117647059
88ede47bff8fe527.jpg,10,0.9235294117647059
891306f615d54cc0.jpg,10,0.9235294117647059
8915a47b5b1ec970.jpg,15,0.9235294117647059
892f7e96473b3d33.jpg,4,0.9235294117647059
897eba0b45163f57.jpg,0,0.9235294117647059
898368eb7ad07511.jpg,2,0.9235294117647059
89d732f04315272b.jpg,13,1.248012718600954
89d9f15b59eab688.jpg,4,0.9235294117647059
8a98695fe6bd158c.jpg,13,1.248012718600954
8abf13da265d3c9c.jpg,15,0.9235294117647059
8ac3e45df9bdbbad.jpg,6,0.9235294117647059
8ac59e5ca46a99ea.jpg,13,1.248012718600954
8ad81df83d9f63e5.jpg,6,0.9235294117647059
8ae1685d0b60bb2d.jpg,12,0.9235294117647059
8ae19d84e8e620fa.jpg,7,0.9235294117647059
8ae3540bee2ef251.jpg,15,0.9235294117647059
8b3b6ef2484a4535.jpg,16,0.9235294117647059
8b7a49a085e6e092.jpg,16,0.9235294117647059
8b8eea1713600cf3.jpg,12,0.9235294117647059
8b93c5f46f697d71.jpg,8,0.9235294117647059
8b9b54fe138f9290.jpg,16,0.9235294117647059
8c04b33be2485613.jpg,6,0.9235294117647059
8c06353ff9bad172.jpg,10,0.9235294117647059
8c101e24af39a6c8.jpg,0,0.9235294117647059
8c1d0a0f20edd4c6.jpg,10,0.9235294117647059
8cabf16f98cde77e.jpg,2,0.9235294117647059
8cafb65e2ac0681e.jpg,3,0.9235294117647059
8db8f37ec84b4f8f.jpg,14,1.8470588235294119
8dd6f4abd109d578.jpg,9,0.9235294117647059
8deba677308ce027.jpg,7,0.9235294117647059
8e1730605c78b3fd.jpg,10,0.9235294117647059
8e77f8a41cfabb11.jpg,4,0.9235294117647059
8ea17c5687d735b3.jpg,0,0.9235294117647059
8ec6263e28076f1b.jpg,7,0.9235294117647059
8ecdba0e9dab2487.jpg,9,0.9235294117647059
8f15167e7d0b8afc.jpg,15,0.9235294117647059
8f5880fc713022c0.jpg,2,0.9235294117647059
8f7f2eb659856254.jpg,2,0.9235294117647059
8fe4d19caacf8594.jpg,11,0.9235294117647059
9041fe0755cbe24c.jpg,0,0.9235294117647059
907295469202daeb.jpg,7,0.9235294117647059
90bed2b1fe15453b.jpg,15,0.9235294117647059
912740e8a136bfcd.jpg,16,0.9235294117647059
9131332143278bbd.jpg,0,0.9235294117647059
91504eef74a841c0.jpg,9,0.9235294117647059
915151761e853562.jpg,5,0.9235294117647059
91f89a9a3238fc94.jpg,14,1.8470588235294119
9223d8c34cef5b99.jpg,15,0.9235294117647059
926cb3040efcf9d4.jpg,4,0.9235294117647059
92c296735de825e0.jpg,4,0.9235294117647059
9383cf36b6faa003.jpg,5,0.9235294117647059
93964b61ead8e03e.jpg,14,1.8470588235294119
93da9c37756d547a.jpg,6,0.9235294117647059
93e181cc39b50c31.jpg,2,0.9235294117647059
93e6c6814863d932.jpg,10,0.9235294117647059
93e7beb687d63a62.jpg,11,0.9235294117647059
94008a9bf8b41108.jpg,16,0.9235294117647059
9404f47da99422e2.jpg,4,0.9235294117647059
941d9b492aa30620.jpg,3,0.9235294117647059
94617587c5726ac6.jpg,11,0.9235294117647059
951c10babfef1ce7.jpg,12,0.9235294117647059
957a9861a894c253.jpg,6,0.9235294117647059
9588b457eec4ae20.jpg,12,0.9235294117647059
961614f0ef702ce9.jpg,10,0.9235294117647059
96478b0f9dfdf588.jpg,15,0.9235294117647059
96a93ef6f6510fca.jpg,6,0.9235294117647059
96b654996b3c749d.jpg,4,0.9235294117647059
96cfeea3a69bc803.jpg,0,0.9235294117647059
96e02f74d6076c8c.jpg,6,0.9235294117647059
9759d7bf96f7dee5.jpg,11,0.9235294117647059
9783118f09bcdea3.jpg,4,0.9235294117647059
979235b5cb02a10a.jpg,5,0.9235294117647059
97af16867569a0b8.jpg,9,0.9235294117647059
97b0ff6bc3f92597.jpg,9,0.9235294117647059
97e2aa947f74f55b.jpg,15,0.9235294117647059
9825e2560f9a2b53.jpg,11,0.9235294117647059
9844093dcf939ab8.jpg,16,0.9235294117647059
984980789f8aade3.jpg,5,0.9235294117647059
98691b8505a773a4.jpg,16,0.9235294117647059
9878a94bb8c6ccee.jpg,11,0.9235294117647059
988fa031ea841a40.jpg,7,0.9235294117647059
98bc083ee47cec64.jpg,5,0.9235294117647059
98bfb3dcc8fe6325.jpg,4,0.9235294117647059
98d1d08b161b6e63.jpg,9,0.9235294117647059
99192aebd3a0c09d.jpg,3,0.9235294117647059
994255be33de9f68.jpg,3,0.9235294117647059
99954fcbe12a8890.jpg,15,0.9235294117647059
99d7241ecca09eaf.jpg,3,0.9235294117647059
99ee9ed48919eb73.jpg,12,0.9235294117647059
9a36a151cf95bb29.jpg,1,2.0076726342710995
9a51b2f5f6e6cc2f.jpg,12,0.9235294117647059
9ac12f6e9a9b9c66.jpg,16,0.9235294117647059
9ace40a752cc7d7c.jpg,6,0.9235294117647059
9ae5c389d3485e7d.jpg,12,0.9235294117647059
9b2272b4866df031.jpg,10,0.9235294117647059
9b3dbfeb10499aa7.jpg,0,0.9235294117647059
9b4a0893af03ae73.jpg,8,0.9235294117647059
9b99cecf50af090a.jpg,1,2.0076726342710995
9ba8f08db3fe2a4c.jpg,8,0.9235294117647059
9bae7a93f9a53462.jpg,10,0.9235294117647059
9bea7d9dc1ce362b.jpg,7,0.9235294117647059
9bfbee5858260ba0.jpg,0,0.9235294117647059
9c147d4251268aaf.jpg,9,0.9235294117647059
9c40908738e93c99.jpg,8,0.9235294117647059
9cda797c3a17dc15.jpg,8,0.9235294117647059
9d09edebfd00ece2.jpg,10,0.9235294117647059
9d26b080a59303cd.jpg,6,0.9235294117647059
9d380d37a3c5e37d.jpg,3,0.9235294117647059
9d538d69133f4a12.jpg,4,0.9235294117647059
9dcba71716f48706.jpg,10,0.9235294117647059
9dcfef27d51c3e5e.jpg,8,0.9235294117647059
9df479a4a43abb1c.jpg,1,2.0076726342710995
9dffa0f2a63a1500.jpg,6,0.9235294117647059
9e653ab50860c815.jpg,11,0.9235294117647059
9e7d96a35f4a7272.jpg,0,0.9235294117647059
9e9c102de5a5cf54.jpg,4,0.9235294117647059
9ee008d242d65e2b.jpg,16,0.9235294117647059
9f00632c64ca1afa.jpg,15,0.9235294117647059
9f9456c5f30ede0a.jpg,8,0.9235294117647059
9fbce75fa551c7d6.jpg,0,0.9235294117647059
a0445f787a537aee.jpg,15,0.9235294117647059
a0b924a3b29beafd.jpg,9,0.9235294117647059
a0b9e86061135d91.jpg,8,0.9235294117647059
a0d422140ba03bcb.jpg,8,0.9235294117647059
a0eee94c1f286d86.jpg,8,0.9235294117647059
a11d98cba433de36.jpg,15,0.9235294117647059
a12797d405f1cb84.jpg,0,0.9235294117647059
a19533ef80171e6c.jpg,15,0.9235294117647059
a1a19c2590ff94fd.jpg,11,0.9235294117647059
a1ab865095b2d312.jpg,2,0.9235294117647059
a1d70a5778fc75b2.jpg,6,0.9235294117647059
a1deb8f4332c8823.jpg,1,2.0076726342710995
a1e4aba3006e9f36.jpg,9,0.9235294117647059
a1f00ba86019bcba.jpg,9,0.9235294117647059
a20bae0b99feb739.jpg,8,0.9235294117647059
a21361253c8f3fe7.jpg,5,0.9235294117647059
a22c76a8a41db1f6.jpg,10,0.9235294117647059
a236724d2c1a8476.jpg,5,0.9235294117647059
a25f0fef0860116b.jpg,11,0.9235294117647059
a29abb626fe9e017.jpg,16,0.9235294117647059
a2de1004da161e69.jpg,12,0.9235294117647059
a312c1dbbcf4f20b.jpg,6,0.9235294117647059
a3252aa9f737d4ec.jpg,10,0.9235294117647059
a376fbdb67bc4a92.jpg,7,0.9235294117647059
a3a762b4e4091608.jpg,15,0.9235294117647059
a3ca1c3a67b6d6e3.jpg,11,0.9235294117647059
a3d39b4e99c5677e.jpg,11,0.9235294117647059
a4665a740c6acbe9.jpg,12,0.9235294117647059
a4a3522572228313.jpg,0,0.9235294117647059
a4d5f12e10bc3f77.jpg,2,0.9235294117647059
a4dafcbb175ac0e1.jpg,11,0.9235294117647059
a4e56fe992bc6b33.jpg,9,0.9235294117647059
a4f9d599fd35486e.jpg,15,0.9235294117647059
a5369775e9d91b4b.jpg,0,0.9235294117647059
a56a5cce90031150.jpg,4,0.9235294117647059
a57a6d43e90120d2.jpg,0,0.9235294117647059
a5ea50be18045857.jpg,13,1.248012718600954
a602d3c2110909cc.jpg,3,0.9235294117647059
a6468b3816c1325c.jpg,11,0.9235294117647059
a66838467277cb38.jpg,3,0.9235294117647059
a683764ced480eb3.jpg,1,2.0076726342710995
a69626d96e112054.jpg,2,0.9235294117647059
a6980c6d2779a5a7.jpg,5,0.9235294117647059
a6b33f25064274bf.jpg,16,0.9235294117647059
a6efb7921dbd0db0.jpg,2,0.9235294117647059
a6fc2ea190daebc9.jpg,3,0.9235294117647059
a7263fb46a510a68.jpg,12,0.9235294117647059
a755fdd6f88d27d1.jpg,6,0.9235294117647059
a75e8a8662d20656.jpg,2,0.9235294117647059
a79ea7eb477273bd.jpg,12,0.9235294117647059
a7b1a56abef7bcee.jpg,15,0.9235294117647059
a7b4e66d98cde556.jpg,6,0.9235294117647059
a858edd4f3c06833.jpg,6,0.9235294117647059
a886ad9e2165f979.jpg,0,0.9235294117647059
a8bdaa6f4ac3e1f2.jpg,2,0.9235294117647059
a8dc8ee8364834aa.jpg,16,0.9235294117647059
a8e56e8a521266dd.jpg,2,0.9235294117647059
a9248e6e81127d6a.jpg,16,0.9235294117647059
a94927812fc5d31e.jpg,13,1.248012718600954
a96501bdfa22f1ac.jpg,3,0.9235294117647059
a988e3b816d9aedb.jpg,4,0.9235294117647059
a993b5bd409d41eb.jpg,6,0.9235294117647059
a9bcbd65802de40b.jpg,12,0.9235294117647059
a9c00da135f7ed8d.jpg,0,0.9235294117647059
a9c98518ff83cd43.jpg,16,0.9235294117647059
a9faeff41820fa47.jpg,0,0.9235294117647059
aa0ec7b1f1ac825d.jpg,15,0.9235294117647059
aa139804f175c3b6.jpg,7,0.9235294117647059
aa22f60af3cf37a1.jpg,16,0.9235294117647059
aa69a5d83babf080.jpg,4,0.9235294117647059
aa6b90aa9e24c743.jpg,3,0.9235294117647059
aab8ed28854b23e2.jpg,7,0.9235294117647059
aac51eae9d9f59f4.jpg,15,0.9235294117647059
aac6d02aa2f222af.jpg,7,0.9235294117647059
aad633981ac0c5fe.jpg,8,0.9235294117647059
aae17a71aeaf0ee8.jpg,6,0.9235294117647059
aae9b8d3d923ff75.jpg,12,0.9235294117647059
aaff35477765a02f.jpg,1,2.0076726342710995
ab03e6a0e1989cf4.jpg,12,0.9235294117647059
ab550f9eba0bb66e.jpg,11,0.9235294117647059
ab74a4a15213ef9e.jpg,16,0.9235294117647059
ab9694a5b31f6f83.jpg,12,0.9235294117647059
abb3f1590ca9067a.jpg,13,1.248012718600954
abcadd0c3e61c71a.jpg,16,0.9235294117647059
abd972d50ca65f09.jpg,9,0.9235294117647059
ac1d061d87b5a8e2.jpg,8,0.9235294117647059
ac3fb4876300c2cb.jpg,6,0.9235294117647059
acffd0c2090afaa9.jpg,6,0.9235294117647059
ad92317dc3cc952d.jpg,2,0.9235294117647059
ada70219203e6139.jpg,0,0.9235294117647059
ada70daa72066d50.jpg,13,1.248012718600954
add22a42c2c89ff7.jpg,8,0.9235294117647059
ade3fec2ce27a123.jpg,3,0.9235294117647059
ae716e6f75abc9e1.jpg,15,0.9235294117647059
ae7a90e7eec6afa2.jpg,9,0.9235294117647059
ae967d9ebd4d4d6d.jpg,2,0.9235294117647059
aea1e441afe77b1b.jpg,15,0.9235294117647059
aeb440fc15e17b2f.jpg,9,0.9235294117647059
aec62dced7af97cd.jpg,3,0.9235294117647059
af43b44a806fb52f.jpg,12,0.9235294117647059
af650bfc45cb3c46.jpg,3,0.9235294117647059
af7482673fe0ba63.jpg,10,0.9235294117647059
af98b23b8a69ce68.jpg,6,0.9235294117647059
afc20ff874b0c11d.jpg,6,0.9235294117647059
b047a4e2d880c3df.jpg,0,0.9235294117647059
b0579fc08290eb15.jpg,13,1.248012718600954
b0ab48967aaabefe.jpg,13,1.248012718600954
b0bb8e8b8cee9f80.jpg,11,0.9235294117647059
b11635eb655b6717.jpg,11,0.9235294117647059
b141a5c55d387a8a.jpg,6,0.9235294117647059
b16aa9a699ba0403.jpg,9,0.9235294117647059
b1b8135883880397.jpg,6,0.9235294117647059
b1b8d8ba5cc17be8.jpg,6,0.9235294117647059
b1d97ec7d7796742.jpg,9,0.9235294117647059
b1dad2db5c2de2da.jpg,15,0.9235294117647059
b1df49cbaeaf5ad9.jpg,13,1.248012718600954
b1f002569b26956e.jpg,0,0.9235294117647059
b1ff3463ccf4d719.jpg,4,0.9235294117647059
b2062857386ce836.jpg,2,0.9235294117647059
b239e732f103515a.jpg,12,0.9235294117647059
b24e858828f3c79f.jpg,2,0.9235294117647059
b25309511ca8cddb.jpg,9,0.9235294117647059
b27747c52c58fc0b.jpg,16,0.9235294117647059
b28682210d4add0c.jpg,2,0.9235294117647059
b2eda80548c86f2b.jpg,7,0.9235294117647059
b309880a38eba04a.jpg,11,0.9235294117647059
b394d57c38b043cb.jpg,11,0.9235294117647059
b3d7489cf80ef539.jpg,6,0.9235294117647059
b3d82ea13c1b6cc6.jpg,6,0.9235294117647059
b41de9491b14ca00.jpg,5,0.9235294117647059
b4558f9fbab01ca6.jpg,11,0.9235294117647059
b460c73d31e47772.jpg,15,0.9235294117647059
b4cd97437f509da2.jpg,6,0.9235294117647059
b4d81dc41055abf2.jpg,14,1.8470588235294119
b4da5d68e78551d3.jpg,2,0.9235294117647059
b4daa4c7cda3e0cc.jpg,5,0.9235294117647059
b592bfc7d0cb9458.jpg,2,0.9235294117647059
b5c66bc6a81dafc9.jpg,7,0.9235294117647059
b61ae52dc266394f.jpg,8,0.9235294117647059
b64702697731f418.jpg,12,0.9235294117647059
b6c45bbd0d5173c6.jpg,1,2.0076726342710995
b6c8b10d1ffb2160.jpg,9,0.9235294117647059
b6e11083f16bdf8d.jpg,9,0.9235294117647059
b6fead8b27b09f6a.jpg,8,0.9235294117647059
b705ffb2eceba8b2.jpg,16,0.9235294117647059
b709b64897d9233f.jpg,3,0.9235294117647059
b7337d87a1d2bb91.jpg,5,0.9235294117647059
b7389314404b2d96.jpg,4,0.9235294117647059
b73a389fc25cfd4e.jpg,9,0.9235294117647059
b7423812e6c1bc67.jpg,3,0.9235294117647059
b77db39aea710089.jpg,4,0.9235294117647059
b7f64df2b1a77e94.jpg,9,0.9235294117647059
b809e8d859f82012.jpg,6,0.9235294117647059
b827c05dd3feaaaf.jpg,13,1.248012718600954
b85142f970ee0423.jpg,6,0.9235294117647059
b8685851e07c5f80.jpg,4,0.9235294117647059
b88ae140750180cc.jpg,11,0.9235294117647059
b89c776a6a4b375b.jpg,4,0.9235294117647059
b8ff531e7d91e362.jpg,11,0.9235294117647059
b92152203e68a586.jpg,4,0.9235294117647059
b965827e74ee614b.jpg,6,0.9235294117647059
b98c9e7804e8b6dd.jpg,12,0.9235294117647059
b993227004156755.jpg,4,0.9235294117647059
b9997c0ada6471e2.jpg,0,0.9235294117647059
ba133d22f8f3ba10.jpg,0,0.9235294117647059
ba3e6247c27fa06f.jpg,6,0.9235294117647059
ba579593a4909f6e.jpg,13,1.248012718600954
ba95708686a33f50.jpg,2,0.9235294117647059
ba992ca72aaf3677.jpg,9,0.9235294117647059
baa0f051beaf049f.jpg,13,1.248012718600954
baa80f147d1bcefc.jpg,4,0.9235294117647059
bad74cc95cee3c75.jpg,0,0.9235294117647059
bb4d477b8ffb8c11.jpg,6,0.9235294117647059
bbb3c7c897a279c6.jpg,3,0.9235294117647059
bbc6a1043212c631.jpg,14,1.8470588235294119
bbebabe123611f14.jpg,16,0.9235294117647059
bc41f760002af33d.jpg,6,0.9235294117647059
bc4ec38de4b79c75.jpg,13,1.248012718600954
bc6ba73d79a2936c.jpg,8,0.9235294117647059
bc78e06b69c5f683.jpg,5,0.9235294117647059
bc90aa6ad32aac6c.jpg,15,0.9235294117647059
bcb61c4330131a1b.jpg,1,2.0076726342710995
bcce67ca3fec6158.jpg,12,0.9235294117647059
bcdf3ca09b310143.jpg,3,0.9235294117647059
bcf9041be7ebbe73.jpg,12,0.9235294117647059
bcfa1ce6259aaedd.jpg,5,0.9235294117647059
bd0a254053c10ea2.jpg,6,0.9235294117647059
bd0b198dd441f11b.jpg,12,0.9235294117647059
bd531feb80c89f9e.jpg,10,0.9235294117647059
bd7d6479be4c286f.jpg,15,0.9235294117647059
bdc0e937c23d0544.jpg,0,0.9235294117647059
bdf1bd840d1db82c.jpg,5,0.9235294117647059
be06420485ba2d7e.jpg,10,0.9235294117647059
be123b817a13676e.jpg,16,0.9235294117647059
be3aed2be00fd713.jpg,4,0.9235294117647059
be53872196b3ae1d.jpg,3,0.9235294117647059
be6311cc2841ba1f.jpg,7,0.9235294117647059
be891ff3fe2d692c.jpg,0,0.9235294117647059
bec303ba8b70ae3c.jpg,12,0.9235294117647059
bf04a8fc221acd6a.jpg,6,0.9235294117647059
bf1fb5abdc6da644.jpg,9,0.9235294117647059
bf3057365931822c.jpg,0,0.9235294117647059
bf378d29d811faa8.jpg,11,0.9235294117647059
bf7b8a3fac473a79.jpg,14,1.8470588235294119
bfc53da0b7ae4512.jpg,5,0.9235294117647059
bfc9fd388bfecaaf.jpg,5,0.9235294117647059
bfd6d17b01b792f6.jpg,8,0.9235294117647059
bff16e0005d7db3f.jpg,5,0.9235294117647059
bff29317b6ccb64f.jpg,0,0.9235294117647059
c039533391ddbe53.jpg,7,0.9235294117647059
c0b2875c14ceca0c.jpg,6,0.9235294117647059
c0c9be1b3c32fc17.jpg,10,0.9235294117647059
c0ceb27fdfaa4aaf.jpg,3,0.9235294117647059
c0d43c9035f7d2b6.jpg,3,0.9235294117647059
c1599db9cd8c2c16.jpg,5,0.9235294117647059
c15f16d268849ead.jpg,10,0.9235294117647059
c17d5a6399b48237.jpg,13,1.248012718600954
c1887a6dc532382e.jpg,2,0.9235294117647059
c1aca4acf4fb283a.jpg,11,0.9235294117647059
c1f03fc1895ae807.jpg,5,0.9235294117647059
c1fb3a3c0c08a60e.jpg,10,0.9235294117647059
c2ca16445db5d2c3.jpg,16,0.9235294117647059
c3151ab7322102cf.jpg,10,0.9235294117647059
c31be94e5376afae.jpg,12,0.9235294117647059
c321d18c9bb4ba62.jpg,9,0.9235294117647059
c323c86de8033ad1.jpg,14,1.8470588235294119
c33f7435e4f272aa.jpg,12,0.9235294117647059
c3629889f845bd50.jpg,4,0.9235294117647059
c3710912d03b5dd0.jpg,8,0.9235294117647059
c3b5a1ba4ae955bb.jpg,0,0.9235294117647059
c3e5e2030b188c1f.jpg,7,0.9235294117647059
c422f59c88c685f1.jpg,6,0.9235294117647059
c42701ce3e5636c5.jpg,6,0.9235294117647059
c4430e6c1890dbb8.jpg,9,0.9235294117647059
c44859ca0d76f24f.jpg,15,0.9235294117647059
c44dd5fb74c16964.jpg,3,0.9235294117647059
c4710223093a582e.jpg,8,0.9235294117647059
c4775dd3b2c001c4.jpg,9,0.9235294117647059
c4d29037087545be.jpg,10,0.9235294117647059
c4d29f41a651b7b1.jpg,15,0.9235294117647059
c5182ab809478f12.jpg,4,0.9235294117647059
c538d48d8f555ac8.jpg,11,0.9235294117647059
c5ef103918f0d6b3.jpg,2,0.9235294117647059
c5f68f14522cc55e.jpg,11,0.9235294117647059
c6016c1685ebb58a.jpg,0,0.9235294117647059
c6370d4f08c1783d.jpg,13,1.248012718600954
c65feabfec6f59c2.jpg,6,0.9235294117647059
c688423e265502b4.jpg,8,0.9235294117647059
c6a2d4c6b2b1dae8.jpg,8,0.9235294117647059
c70d7245dd936788.jpg,4,0.9235294117647059
c730c8081765dd47.jpg,5,0.9235294117647059
c7315ae3066ad68d.jpg,16,0.9235294117647059
c761bd0d7cd5f9fe.jpg,10,0.9235294117647059
c766e48a1e3cc8d2.jpg,12,0.9235294117647059
c793848f5d0eb63b.jpg,10,0.9235294117647059
c7d8b8df37ef1e65.jpg,6,0.9235294117647059
c82156758abf1e7f.jpg,1,2.0076726342710995
c82ac5539a83f7f1.jpg,6,0.9235294117647059
c82e4e5709492578.jpg,9,0.9235294117647059
c85e690b7fe577ad.jpg,10,0.9235294117647059
c8816965abf6559b.jpg,1,2.0076726342710995
c8cd1751b80440c2.jpg,7,0.9235294117647059
c8d19b87f856bbcd.jpg,16,0.9235294117647059
c8ef1b2fdb8dbace.jpg,12,0.9235294117647059
c8f654044180fe34.jpg,10,0.9235294117647059
c94b35147a6bfffb.jpg,16,0.9235294117647059
c967607b85f769e7.jpg,15,0.9235294117647059
c9ac57bc993e5a8b.jpg,3,0.9235294117647059
c9c9b4e30805f103.jpg,16,0.9235294117647059
ca591b04903dc675.jpg,15,0.9235294117647059
ca977774f8c03b0e.jpg,2,0.9235294117647059
cacb9b845f887624.jpg,15,0.9235294117647059
cad7b583d69307dd.jpg,16,0.9235294117647059
cb21eaf0f58e325a.jpg,9,0.9235294117647059
cb3110eed656c439.jpg,2,0.9235294117647059
cb59f25e8cd30a04.jpg,9,0.9235294117647059
cb6f5cd693d1c7f4.jpg,12,0.9235294117647059
cb80827b28619aa2.jpg,3,0.9235294117647059
cb866948ad41d6e8.jpg,12,0.9235294117647059
cc1e5c1d963df965.jpg,5,0.9235294117647059
cc25ee18ef8d5dcf.jpg,2,0.9235294117647059
cc26b4fc96adaa29.jpg,14,1.8470588235294119
ccc64f3e96eda192.jpg,5,0.9235294117647059
cccf87c6733070d5.jpg,12,0.9235294117647059
ccd4f6c0d9704c4f.jpg,5,0.9235294117647059
ccda0529911b2f64.jpg,16,0.9235294117647059
cce8a2522a4db5f7.jpg,4,0.9235294117647059
ccfaed3108b0c1ca.jpg,5,0.9235294117647059
cd0c40a03c3f9344.jpg,13,1.248012718600954
cd0f485de1be0538.jpg,1,2.0076726342710995
cd109051fb268282.jpg,2,0.9235294117647059
cd1b66521a617f76.jpg,12,0.9235294117647059
cd6631958980681a.jpg,5,0.9235294117647059
cda2f69e86a3dd46.jpg,2,0.9235294117647059
ce20ee390833e1ed.jpg,4,0.9235294117647059
ce92390124ba79ba.jpg,2,0.9235294117647059
cec6675f8c39147c.jpg,1,2.0076726342710995
cedaedb6431d1a40.jpg,9,0.9235294117647059
cee86faf6225599e.jpg,7,0.9235294117647059
cefa1db5be4030ee.jpg,0,0.9235294117647059
cfdc16c65341f660.jpg,3,0.9235294117647059
cfe47bfe762f45ac.jpg,4,0.9235294117647059
d002fb843172f79c.jpg,3,0.9235294117647059
d017e0633aa9883d.jpg,9,0.9235294117647059
d037ac95ca3d0aa8.jpg,6,0.9235294117647059
d074a29e97aee277.jpg,10,0.9235294117647059
d0a5557b10e84eda.jpg,15,0.9235294117647059
d1278f7e49b24296.jpg,15,0.9235294117647059
d17e596e8baca59b.jpg,14,1.8470588235294119
d1b668ee2329c564.jpg,14,1.8470588235294119
d1c2651c46b5a95b.jpg,11,0.9235294117647059
d1cf22ae4426f919.jpg,13,1.248012718600954
d1e5c572377e11de.jpg,15,0.9235294117647059
d21e7085a6dc07dc.jpg,15,0.9235294117647059
d23b442f24f92dba.jpg,3,0.9235294117647059
d24281f1c99057fb.jpg,2,0.9235294117647059
d26e9455cfbf6083.jpg,13,1.248012718600954
d277a4cd000dfeca.jpg,2,0.9235294117647059
d35ae77a02c90d79.jpg,2,0.9235294117647059
d364910163665575.jpg,1,2.0076726342710995
d3cee1f3930e027e.jpg,0,0.9235294117647059
d3e031f53d443c33.jpg,11,0.9235294117647059
d41f82a2e58ebf33.jpg,3,0.9235294117647059
d422262eb6aa6033.jpg,14,1.8470588235294119
d458c9a6ba50efe9.jpg,0,0.9235294117647059
d479e89ccd1ac5f9.jpg,3,0.9235294117647059
d47d31e47169ccdf.jpg,4,0.9235294117647059
d4d769d2926648a3.jpg,4,0.9235294117647059
d4dcb750454d78a4.jpg,3,0.9235294117647059
d4f437fd7e06b4b2.jpg,8,0.9235294117647059
d53c969a42faa2ad.jpg,8,0.9235294117647059
d54f10f7792df3ec.jpg,7,0.9235294117647059
d5519b4b4b4b23f8.jpg,10,0.9235294117647059
d5a441151b29db20.jpg,16,0.9235294117647059
d5da20ecbe8e1f20.jpg,5,0.9235294117647059
d5f879880827292a.jpg,0,0.9235294117647059
d6340a38d264a3e7.jpg,8,0.9235294117647059
d66992280008c1a7.jpg,6,0.9235294117647059
d696cd78fe51ca3c.jpg,9,0.9235294117647059
d6a347d526941e79.jpg,4,0.9235294117647059
d6e84bf25de1298a.jpg,16,0.9235294117647059
d6fd226e72a20844.jpg,5,0.9235294117647059
d701754e411dcacb.jpg,10,0.9235294117647059
d702a1dd3f401796.jpg,13,1.248012718600954
d77f9822b3b488ca.jpg,12,0.9235294117647059
d782187345e0abb0.jpg,8,0.9235294117647059
d78d08f7feeb2225.jpg,15,0.9235294117647059
d7c87417d07bf009.jpg,2,0.9235294117647059
d7fca020e6e4f207.jpg,2,0.9235294117647059
d8324d4abf1bc4d3.jpg,0,0.9235294117647059
d86e3238942b9aa4.jpg,0,0.9235294117647059
d87fe6344741e8e4.jpg,7,0.9235294117647059
d89fe6f4cf91aa6e.jpg,5,0.9235294117647059
d8aaa3f48085a68c.jpg,11,0.9235294117647059
d8adab6dfec3d43e.jpg,15,0.9235294117647059
d8e55600369f078c.jpg,0,0.9235294117647059
d8ebc588e0c30142.jpg,13,1.248012718600954
d8ec671533223806.jpg,4,0.9235294117647059
d919dabe9f066dfc.jpg,1,2.0076726342710995
d9258ffd43db6b98.jpg,7,0.9235294117647059
d941da0b32375b7b.jpg,15,0.9235294117647059
d9bea6946b172732.jpg,15,0.9235294117647059
d9e230e42838eb4f.jpg,7,0.9235294117647059
d9eb325083ab816a.jpg,15,0.9235294117647059
d9ed91bef08431ec.jpg,2,0.9235294117647059
da00cfad134c5c38.jpg,2,0.9235294117647059
da39b6ee680e0bb4.jpg,0,0.9235294117647059
da4e329a0b061ab5.jpg,3,0.9235294117647059
da57d8eefd3cb622.jpg,6,0.9235294117647059
da67a6969f407128.jpg,8,0.9235294117647059
da79b432d36e053f.jpg,8,0.9235294117647059
da9a22b593000ffe.jpg,16,0.9235294117647059
dac2e72086a27f34.jpg,12,0.9235294117647059
db0ad34838522238.jpg,8,0.9235294117647059
db492340c2e628ef.jpg,4,0.9235294117647059
db89ff8cb21d23aa.jpg,8,0.9235294117647059
dbb528dd3595f820.jpg,15,0.9235294117647059
dbfa65dfa6f60e01.jpg,10,0.9235294117647059
dc15f16dbca38f7e.jpg,15,0.9235294117647059
dc4896b07123ad90.jpg,9,0.9235294117647059
dc85f3f23b1b8016.jpg,8,0.9235294117647059
dca043709cbafcb1.jpg,4,0.9235294117647059
dca9c3da2fd10251.jpg,7,0.9235294117647059
dcc092f954e12d07.jpg,3,0.9235294117647059
dd0453cee3db2cf1.jpg,6,0.9235294117647059
dd499c243ecdd300.jpg,10,0.9235294117647059
dd890b6a9b2785e0.jpg,3,0.9235294117647059
dd95257e86c7c378.jpg,3,0.9235294117647059
dda2df9797b370e7.jpg,3,0.9235294117647059
ddecf32796ba59fb.jpg,2,0.9235294117647059
de59e243f720f8e6.jpg,0,0.9235294117647059
de6debaeedbdabac.jpg,11,0.9235294117647059
de7d9f54a1bc2676.jpg,15,0.9235294117647059
de884241d9d56c7d.jpg,6,0.9235294117647059
defb0614f6e98814.jpg,9,0.9235294117647059
df03f4facff2b3e7.jpg,3,0.9235294117647059
df1caa3d9f344b5a.jpg,0,0.9235294117647059
df29ecbe84bcb5af.jpg,6,0.9235294117647059
df5de038a077c34a.jpg,0,0.9235294117647059
df7d7932966d7e22.jpg,3,0.9235294117647059
dfa798b40397760b.jpg,11,0.9235294117647059
dfbcc39a0cd12380.jpg,3,0.9235294117647059
e01f894df0a13db3.jpg,14,1.8470588235294119
e0309e1e1f05b1fd.jpg,3,0.9235294117647059
e12e704f6a1fc07d.jpg,10,0.9235294117647059
e1d072534e243f52.jpg,10,0.9235294117647059
e1df80668c20548f.jpg,13,1.248012718600954
e1e40eaeb4a377d1.jpg,1,2.0076726342710995
e1e672f2d5adb64c.jpg,15,0.9235294117647059
e301e19ee1a735cd.jpg,0,0.9235294117647059
e30915406d9b20de.jpg,13,1.248012718600954
e38d037e758fb18b.jpg,0,0.9235294117647059
e3a0e3c88dd2de8c.jpg,9,0.9235294117647059
e3b44c1a14dba712.jpg,9,0.9235294117647059
e3ea1b4f435379a5.jpg,11,0.9235294117647059
e4073ae0f5024903.jpg,6,0.9235294117647059
e45d30315e6f3991.jpg,16,0.9235294117647059
e486affcd2c365ff.jpg,6,0.9235294117647059
e4875d47b263b7eb.jpg,2,0.9235294117647059
e48c0e53c74b01b6.jpg,5,0.9235294117647059
e4ab16b5d1f26991.jpg,15,0.9235294117647059
e4b25bf0fc41b317.jpg,16,0.9235294117647059
e4bf926244810e1b.jpg,7,0.9235294117647059
e4ed17241d8f43f5.jpg,14,1.8470588235294119
e525e58288d02d1d.jpg,12,0.9235294117647059
e55e2da78637ab9a.jpg,15,0.9235294117647059
e5a0d2a785508cfb.jpg,0,0.9235294117647059
e5bb1ca65bedae64.jpg,5,0.9235294117647059
e5e16f4d12999a48.jpg,2,0.9235294117647059
e5ec5c7ccc335b80.jpg,2,0.9235294117647059
e61d239495689428.jpg,1,2.0076726342710995
e65f8e245c0d50b0.jpg,10,0.9235294117647059
e681d2d298112992.jpg,7,0.9235294117647059
e6973dbaa30ba7c3.jpg,11,0.9235294117647059
e69f671605b83b31.jpg,1,2.0076726342710995
e6b7972300792a1d.jpg,5,0.9235294117647059
e6e4186f462c590e.jpg,16,0.9235294117647059
e73de97b7c6ac109.jpg,2,0.9235294117647059
e77a343897a1b845.jpg,7,0.9235294117647059
e7d48e33b1fc4dfb.jpg,12,0.9235294117647059
e83156483c34d2ee.jpg,8,0.9235294117647059
e837dfbead851488.jpg,11,0.9235294117647059
e887b53c900b4133.jpg,1,2.0076726342710995
e894c83f1cb6efac.jpg,3,0.9235294117647059
e8c0c381c02201c9.jpg,11,0.9235294117647059
e8cd3ebad02d1de5.jpg,8,0.9235294117647059
e8cf8d1415370974.jpg,14,1.8470588235294119
e8db1707653dc637.jpg,3,0.9235294117647059
e8e698529229a72a.jpg,10,0.9235294117647059
e8e8dd06a96f2586.jpg,16,0.9235294117647059
e8f3120294aca53f.jpg,5,0.9235294117647059
e94cb361c4d52900.jpg,8,0.9235294117647059
e985d6cb79c79810.jpg,4,0.9235294117647059
e9bab9b6d33881eb.jpg,4,0.9235294117647059
ea27639c57e9b7d8.jpg,9,0.9235294117647059
ea2d8812bee62658.jpg,5,0.9235294117647059
ea379b41d59cec36.jpg,9,0.9235294117647059
ea67bd6071524b75.jpg,11,0.9235294117647059
eab87d51f62cb63e.jpg,0,0.9235294117647059
eaf147f1f7c77fd6.jpg,4,0.9235294117647059
eb1d69cc1a225f74.jpg,11,0.9235294117647059
eb5b733a2cc77155.jpg,2,0.9235294117647059
ebbe01aaff327255.jpg,14,1.8470588235294119
ebc1b6158a726e1b.jpg,10,0.9235294117647059
ebd978302b4de8c5.jpg,9,0.9235294117647059
ebdb6f14d9876caa.jpg,8,0.9235294117647059
ec0566c54c4cd5af.jpg,15,0.9235294117647059
ec5944aa6f505347.jpg,11,0.9235294117647059
ecb7bb9b2d758680.jpg,11,0.9235294117647059
ecbc01d97196b70a.jpg,0,0.9235294117647059
ed3ef233d552beb3.jpg,5,0.9235294117647059
ed58f4602c2b900f.jpg,16,0.9235294117647059
ed5a4e5d317038eb.jpg,8,0.9235294117647059
ed6965390c27e093.jpg,9,0.9235294117647059
edabe0ee29af0f71.jpg,10,0.9235294117647059
edbce4c482ef0ca5.jpg,8,0.9235294117647059
edbf627d7217a4af.jpg,9,0.9235294117647059
edd68ccff7032f5e.jpg,8,0.9235294117647059
ede6635db719d5b7.jpg,3,0.9235294117647059
ee28c456f43bff84.jpg,4,0.9235294117647059
ee44ae70132a1882.jpg,0,0.9235294117647059
ee459b37af794ed7.jpg,0,0.9235294117647059
ee4a18281036112e.jpg,15,0.9235294117647059
ee655aa579958dab.jpg,15,0.9235294117647059
ee943015dc2fda3b.jpg,0,0.9235294117647059
ef1e64cf23af5029.jpg,2,0.9235294117647059
ef20ff8f143bfafc.jpg,5,0.9235294117647059
ef2bf2a6aa6f525d.jpg,14,1.8470588235294119
ef48d12d2e4ff667.jpg,15,0.9235294117647059
ef58942d1d7307fa.jpg,6,0.9235294117647059
efb9805cc6106c48.jpg,6,0.9235294117647059
efd4eca4cf555c9c.jpg,8,0.9235294117647059
efe9e1842d56c038.jpg,9,0.9235294117647059
f061a4d1f9a12a9d.jpg,3,0.9235294117647059
f0c0ce213221e4c1.jpg,3,0.9235294117647059
f0d11155d48758de.jpg,1,2.0076726342710995
f0fc4e2f239e236b.jpg,13,1.248012718600954
f111c0504fbd9b4a.jpg,9,0.9235294117647059
f15534042b2fe647.jpg,2,0.9235294117647059
f176f6c25b7bd8ae.jpg,13,1.248012718600954
f185764e6c371e7b.jpg,2,0.9235294117647059
f2079413e6c49f35.jpg,8,0.9235294117647059
f21a8b486a1c8077.jpg,16,0.9235294117647059
f21d717d6df9c74d.jpg,16,0.9235294117647059
f22ee2bc97dfaacb.jpg,2,0.9235294117647059
f230a7ad534c49a6.jpg,6,0.9235294117647059
f23244d093034a7e.jpg,4,0.9235294117647059
f240b7e2b3f64ba0.jpg,0,0.9235294117647059
f26f68c2c5db8b9b.jpg,8,0.9235294117647059
f271e8aa74800bae.jpg,9,0.9235294117647059
f2d8a196eade5657.jpg,11,0.9235294117647059
f3288f19fb0f2b75.jpg,14,1.8470588235294119
f3451b2510437eba.jpg,14,1.8470588235294119
f35b36871c75494a.jpg,4,0.9235294117647059
f3d4cabc480bfc06.jpg,14,1.8470588235294119
f3d71b46eaba052c.jpg,8,0.9235294117647059
f45f490c82c43c39.jpg,5,0.9235294117647059
f4775a882a619874.jpg,2,0.9235294117647059
f48bfe5c8b9948b4.jpg,9,0.9235294117647059
f4d4c7510f579845.jpg,16,0.9235294117647059
f4ed57b980215e6d.jpg,16,0.9235294117647059
f4fa7f3070cf4203.jpg,13,1.248012718600954
f5ea433b1cf5757d.jpg,13,1.248012718600954
f600c9bd27ad3bcf.jpg,10,0.9235294117647059
f639384a02c71efd.jpg,7,0.9235294117647059
f658d910990982f7.jpg,4,0.9235294117647059
f66cc08a628bc668.jpg,7,0.9235294117647059
f695cf40f51a910c.jpg,0,0.9235294117647059
f6a6192b791a65a1.jpg,0,0.9235294117647059
f759a6c7482b66b0.jpg,15,0.9235294117647059
f788a023a71dd962.jpg,15,0.9235294117647059
f7a8b8730ac4a993.jpg,15,0.9235294117647059
f7adaf5535c0ba79.jpg,12,0.9235294117647059
f7b8a56acc3d85c7.jpg,12,0.9235294117647059
f82b35c533b6fa81.jpg,8,0.9235294117647059
f8a6ddf714baa3ec.jpg,10,0.9235294117647059
f8e30abea6d91d16.jpg,12,0.9235294117647059
f91e11f9cf1fd712.jpg,15,0.9235294117647059
f9b5addf7a5b4407.jpg,4,0.9235294117647059
f9bfe5eae7d723ce.jpg,7,0.9235294117647059
f9da59df0d43b302.jpg,16,0.9235294117647059
f9e939c205cea5c6.jpg,7,0.9235294117647059
f9ebb85e2929b388.jpg,16,0.9235294117647059
fa3d55efc42982a7.jpg,5,0.9235294117647059
fa6d6811b624d725.jpg,6,0.9235294117647059
fa794d60fc55156e.jpg,4,0.9235294117647059
fa8945c106e8e610.jpg,7,0.9235294117647059
fae8d5c25f02d86a.jpg,16,0.9235294117647059
fb366e8a1290169b.jpg,2,0.9235294117647059
fb70357d03187bf2.jpg,14,1.8470588235294119
fba49012c202152d.jpg,0,0.9235294117647059
fbb4583f64729d01.jpg,9,0.9235294117647059
fc222cca276469b7.jpg,10,0.9235294117647059
fc85f507537c9300.jpg,4,0.9235294117647059
fc86eb71611c9854.jpg,6,0.9235294117647059
fcc6d937960351e3.jpg,11,0.9235294117647059
fcd1212f7d0a474e.jpg,1,2.0076726342710995
fd0e37a8306b5905.jpg,10,0.9235294117647059
fd344db80a9a9708.jpg,2,0.9235294117647059
fd3cfa9a0566549e.jpg,5,0.9235294117647059
fd4b76606f445882.jpg,5,0.9235294117647059
fda9f9b14d231899.jpg,12,0.9235294117647059
fe30845b79d1d42f.jpg,7,0.9235294117647059
fe73481aadfbec34.jpg,3,0.9235294117647059
fe8093a9eab697de.jpg,16,0.9235294117647059
fe89027e179546dc.jpg,6,0.9235294117647059
fe9683317086dbab.jpg,3,0.9235294117647059
fea6ad156a141a37.jpg,8,0.9235294117647059
fed9e9ec4a77bc06.jpg,4,0.9235294117647059
feeade617aa68c45.jpg,7,0.9235294117647059
ff51dd281a8423f1.jpg,11,0.9235294117647059
ff8a6a251ce51c95.jpg,5,0.9235294117647059
ffc22136f958deb1.jpg,9,0.9235294117647059
